class_cd,gender,lunch,pretest,posttest
6OL,Female,pay,62,72
6OL,Female,pay,66,79
6OL,Male,pay,64,76
6OL,Female,pay,61,77
6OL,Male,pay,64,76
6OL,Female,pay,66,74
6OL,Male,pay,63,75
6OL,Female,pay,63,72
6OL,Male,pay,64,77
6OL,Female,pay,61,72
6OL,Male,pay,61,73
6OL,Male,pay,64,74
6OL,Male,pay,66,78
6OL,Female,pay,60,71
6OL,Female,pay,64,77
6OL,Male,pay,64,73
6OL,Male,pay,63,70
6OL,Male,pay,67,73
6OL,Female,pay,63,71
6OL,Male,pay,64,73
ZNS,Male,pay,60,68
ZNS,Male,pay,60,70
ZNS,Male,pay,57,66
ZNS,Male,pay,57,70
ZNS,Female,free,56,65
ZNS,Male,pay,58,67
ZNS,Female,pay,60,70
ZNS,Female,pay,60,67
ZNS,Male,pay,54,63
ZNS,Male,pay,60,75
ZNS,Male,pay,58,66
ZNS,Female,pay,66,71
ZNS,Male,pay,60,76
ZNS,Female,pay,59,69
ZNS,Female,pay,57,69
ZNS,Female,pay,60,68
ZNS,Female,pay,61,71
ZNS,Female,pay,61,66
ZNS,Female,pay,59,69
ZNS,Female,pay,62,72
ZNS,Male,pay,60,66
2B1,Female,pay,61,75
2B1,Male,free,58,78
2B1,Female,free,64,82
2B1,Male,free,58,77
2B1,Male,pay,65,87
2B1,Male,pay,65,80
2B1,Female,free,62,75
2B1,Male,free,58,73
2B1,Male,free,59,74
2B1,Male,free,59,74
2B1,Male,free,63,76
2B1,Female,pay,63,78
2B1,Male,pay,59,77
2B1,Male,free,61,77
2B1,Male,free,55,72
2B1,Male,pay,66,83
2B1,Female,pay,67,81
2B1,Female,pay,68,79
EPS,Female,pay,63,80
EPS,Female,free,63,83
EPS,Male,pay,66,82
EPS,Female,pay,67,84
EPS,Female,free,67,83
EPS,Male,pay,73,85
EPS,Male,pay,68,87
EPS,Female,free,70,91
EPS,Female,free,74,85
EPS,Female,pay,64,83
EPS,Male,free,62,78
EPS,Female,pay,76,84
EPS,Female,pay,73,86
EPS,Male,pay,65,87
EPS,Female,pay,66,79
EPS,Female,pay,66,84
EPS,Female,pay,66,82
EPS,Female,free,65,83
EPS,Female,free,63,78
EPS,Female,free,68,84
IQN,Female,pay,65,79
IQN,Female,pay,70,83
IQN,Female,free,65,81
IQN,Female,free,61,74
IQN,Male,free,63,77
IQN,Female,pay,62,82
IQN,Male,pay,69,81
IQN,Male,free,63,75
IQN,Male,free,62,81
IQN,Female,free,63,77
IQN,Male,free,59,74
IQN,Male,pay,63,80
IQN,Male,pay,66,76
IQN,Female,pay,59,77
IQN,Male,free,60,74
PGK,Female,free,68,76
PGK,Male,free,74,82
PGK,Female,free,63,73
PGK,Female,free,73,78
PGK,Male,pay,75,83
PGK,Female,pay,78,84
PGK,Female,free,69,78
PGK,Male,free,73,81
PGK,Male,free,74,80
PGK,Female,pay,73,80
PGK,Female,free,68,82
PGK,Female,pay,72,84
PGK,Female,pay,73,80
PGK,Male,pay,71,91
PGK,Male,pay,73,80
PGK,Female,pay,76,80
PGK,Female,pay,70,84
PGK,Female,pay,71,78
PGK,Male,pay,76,85
PGK,Female,pay,72,83
PGK,Male,pay,71,83
UHU,Female,free,49,68
UHU,Female,pay,55,70
UHU,Female,free,60,73
UHU,Female,free,59,73
UHU,Male,pay,59,70
UHU,Female,free,55,69
UHU,Male,pay,55,71
UHU,Female,pay,56,74
UHU,Female,free,53,69
UHU,Female,free,48,70
UHU,Female,pay,62,76
UHU,Male,pay,58,75
UHU,Female,free,52,69
UHU,Female,pay,59,67
UHU,Female,free,53,69
UHU,Female,pay,57,72
UWK,Male,pay,68,76
UWK,Male,pay,67,80
UWK,Female,free,67,76
UWK,Female,pay,66,82
UWK,Female,pay,58,72
UWK,Female,pay,61,70
UWK,Male,pay,63,75
UWK,Female,pay,68,77
UWK,Female,free,61,76
UWK,Female,pay,75,83
UWK,Female,free,68,75
UWK,Female,free,65,72
UWK,Female,free,65,77
UWK,Female,free,61,77
UWK,Female,free,62,69
UWK,Male,free,65,74
UWK,Female,free,70,79
UWK,Female,free,65,74
UWK,Female,free,60,73
A33,Male,pay,60,67
A33,Male,pay,62,70
A33,Male,pay,59,73
A33,Male,pay,62,72
A33,Male,pay,54,68
A33,Female,pay,58,66
A33,Male,pay,58,66
A33,Male,pay,60,69
A33,Male,pay,68,78
A33,Female,pay,55,69
A33,Female,pay,61,71
A33,Female,pay,61,71
A33,Male,pay,61,70
A33,Male,pay,64,81
A33,Female,pay,61,72
A33,Female,free,54,69
A33,Female,pay,56,65
A33,Female,pay,55,64
A33,Female,pay,65,71
EID,Male,pay,64,76
EID,Male,pay,72,79
EID,Female,pay,72,78
EID,Male,pay,67,72
EID,Male,pay,64,74
EID,Female,pay,69,79
EID,Male,pay,67,78
EID,Male,pay,70,76
EID,Male,pay,64,77
EID,Female,pay,64,75
EID,Male,pay,69,78
EID,Female,pay,70,82
EID,Male,pay,71,78
EID,Female,pay,67,80
EID,Female,pay,69,79
EID,Male,pay,69,80
EID,Male,pay,66,81
EID,Female,pay,64,78
EID,Female,pay,69,82
EID,Female,pay,67,82
EID,Female,pay,65,76
HUJ,Male,pay,64,88
HUJ,Male,pay,64,80
HUJ,Male,pay,73,81
HUJ,Female,pay,66,83
HUJ,Male,pay,56,78
HUJ,Male,pay,67,87
HUJ,Female,pay,62,82
HUJ,Female,pay,68,82
HUJ,Female,pay,69,84
HUJ,Female,pay,68,85
HUJ,Male,pay,63,82
HUJ,Female,pay,72,83
HUJ,Male,pay,70,82
HUJ,Male,pay,68,87
HUJ,Female,pay,64,85
HUJ,Male,pay,64,78
HUJ,Male,pay,61,77
PC6,Male,pay,70,78
PC6,Female,pay,65,79
PC6,Female,pay,63,72
PC6,Female,pay,68,80
PC6,Female,pay,66,75
PC6,Female,pay,64,75
PC6,Female,pay,68,77
PC6,Female,pay,67,79
PC6,Male,pay,66,75
PC6,Male,pay,68,80
PC6,Female,pay,72,86
PC6,Female,pay,69,76
PC6,Male,pay,68,78
PC6,Female,pay,62,75
PC6,Female,pay,71,80
PC6,Male,pay,72,79
PC6,Male,pay,64,74
1Q1,Female,pay,55,70
1Q1,Male,free,55,67
1Q1,Male,pay,58,70
1Q1,Female,pay,60,67
1Q1,Female,pay,58,69
1Q1,Female,pay,52,63
1Q1,Male,pay,53,67
1Q1,Male,pay,53,68
1Q1,Male,pay,54,68
1Q1,Male,pay,59,70
1Q1,Male,pay,55,65
1Q1,Male,pay,56,67
1Q1,Male,pay,58,67
1Q1,Female,pay,58,65
1Q1,Male,free,58,65
1Q1,Male,pay,60,74
1Q1,Female,pay,60,69
1Q1,Male,pay,56,61
1Q1,Female,pay,56,69
1Q1,Male,pay,56,74
1Q1,Female,pay,52,68
1Q1,Female,free,52,68
1Q1,Female,pay,56,63
1Q1,Female,pay,58,70
1Q1,Male,pay,61,71
1Q1,Male,pay,60,62
1Q1,Male,free,57,62
1Q1,Male,pay,50,58
BFY,Female,pay,53,57
BFY,Female,pay,55,63
BFY,Female,pay,46,57
BFY,Female,pay,50,59
BFY,Male,pay,50,57
BFY,Male,pay,56,64
BFY,Male,free,44,58
BFY,Female,pay,53,64
BFY,Male,pay,51,56
BFY,Female,pay,50,61
BFY,Male,pay,53,61
BFY,Male,pay,53,64
BFY,Male,pay,52,60
BFY,Male,pay,49,61
BFY,Female,pay,55,63
BFY,Female,pay,56,66
BFY,Male,pay,53,62
BFY,Male,pay,50,59
BFY,Male,free,50,59
BFY,Male,pay,52,62
BFY,Female,pay,52,58
BFY,Male,free,47,62
BFY,Female,free,46,60
BFY,Male,pay,53,59
BFY,Male,pay,51,61
BFY,Male,pay,52,65
BFY,Female,pay,50,64
OMI,Female,pay,52,67
OMI,Male,pay,60,72
OMI,Male,pay,55,69
OMI,Male,pay,53,68
OMI,Male,pay,57,67
OMI,Male,pay,61,62
OMI,Female,pay,59,64
OMI,Female,pay,51,65
OMI,Male,free,49,65
OMI,Female,pay,59,64
OMI,Male,free,52,63
OMI,Female,pay,51,66
OMI,Female,pay,57,65
OMI,Male,pay,54,62
OMI,Male,pay,52,65
OMI,Male,pay,57,68
OMI,Female,pay,54,65
OMI,Male,pay,57,59
OMI,Female,pay,60,68
OMI,Female,pay,51,64
OMI,Female,pay,61,67
OMI,Male,free,52,61
OMI,Male,pay,52,63
OMI,Female,free,49,64
OMI,Male,pay,57,63
OMI,Female,pay,52,63
OMI,Male,pay,54,63
OMI,Male,pay,58,65
X6Z,Female,pay,51,66
X6Z,Female,pay,56,75
X6Z,Female,pay,56,72
X6Z,Male,free,51,69
X6Z,Male,pay,53,65
X6Z,Male,pay,49,67
X6Z,Male,pay,54,72
X6Z,Male,pay,52,71
X6Z,Female,pay,53,70
X6Z,Male,pay,54,70
X6Z,Female,pay,57,76
X6Z,Male,pay,52,67
X6Z,Female,pay,61,74
X6Z,Male,pay,52,73
X6Z,Male,free,54,68
X6Z,Male,pay,55,69
X6Z,Male,pay,53,71
X6Z,Male,pay,55,72
X6Z,Male,pay,53,70
X6Z,Male,free,48,66
X6Z,Male,pay,51,70
X6Z,Female,pay,56,70
X6Z,Female,pay,51,69
X6Z,Female,free,49,67
2AP,Female,pay,54,67
2AP,Female,free,50,64
2AP,Female,pay,51,65
2AP,Female,pay,53,70
2AP,Male,pay,52,60
2AP,Male,free,51,57
2AP,Male,pay,56,61
2AP,Female,free,47,58
2AP,Female,free,49,60
2AP,Male,free,46,63
2AP,Female,free,43,61
2AP,Male,pay,56,59
2AP,Female,pay,54,64
2AP,Female,free,48,64
2AP,Female,pay,55,62
2AP,Female,pay,53,63
2AP,Male,free,52,63
2AP,Male,pay,55,55
2AP,Male,free,52,65
2AP,Male,free,54,57
2AP,Male,free,48,54
2AP,Male,free,53,62
2AP,Male,free,52,58
2AP,Male,free,54,61
2AP,Male,free,44,59
2AP,Female,free,47,56
2AP,Female,pay,49,58
PW5,Male,free,37,56
PW5,Female,pay,50,63
PW5,Male,pay,48,58
PW5,Male,free,40,60
PW5,Female,free,39,49
PW5,Female,pay,41,60
PW5,Female,free,38,57
PW5,Male,free,44,58
PW5,Female,pay,45,63
PW5,Female,pay,45,67
PW5,Female,free,36,53
PW5,Male,pay,48,62
PW5,Female,free,42,54
PW5,Female,pay,48,65
PW5,Male,free,42,57
PW5,Male,pay,45,67
PW5,Female,free,39,61
PW5,Female,free,45,64
PW5,Male,free,44,59
PW5,Female,free,40,52
ROP,Female,pay,57,74
ROP,Male,free,58,74
ROP,Female,pay,62,79
ROP,Female,free,61,71
ROP,Male,free,57,73
ROP,Male,free,62,74
ROP,Male,free,55,71
ROP,Male,free,55,68
ROP,Male,pay,55,75
ROP,Male,free,57,72
ROP,Male,free,58,79
ROP,Male,pay,58,75
ROP,Female,pay,60,78
ROP,Male,free,55,67
ROP,Female,free,52,73
ROP,Male,pay,61,73
ROP,Female,free,53,67
ROP,Male,free,60,73
ROP,Male,pay,58,76
ROP,Female,free,53,67
ROP,Male,free,60,72
ROP,Male,pay,64,77
ROP,Female,pay,62,74
ROP,Female,free,56,74
ROP,Male,free,59,76
ROP,Female,pay,61,77
ROP,Male,free,56,74
ROP,Female,free,54,73
ST7,Female,free,64,69
ST7,Female,pay,63,74
ST7,Male,free,49,60
ST7,Male,pay,60,61
ST7,Female,free,58,69
ST7,Male,free,60,74
ST7,Male,free,57,66
ST7,Male,free,58,70
ST7,Male,free,58,68
ST7,Male,pay,62,71
ST7,Male,free,53,68
ST7,Female,free,55,66
ST7,Female,pay,60,72
ST7,Male,pay,62,71
ST7,Male,free,55,64
ST7,Male,free,60,67
ST7,Male,pay,59,66
ST7,Female,free,53,70
ST7,Male,free,57,74
ST7,Male,free,59,69
XXJ,Male,pay,63,72
XXJ,Male,free,65,68
XXJ,Male,free,56,71
XXJ,Male,free,60,69
XXJ,Male,pay,60,66
XXJ,Male,pay,60,68
XXJ,Male,pay,62,72
XXJ,Female,pay,63,70
XXJ,Male,pay,61,74
XXJ,Female,free,56,69
XXJ,Female,free,60,67
XXJ,Male,free,55,66
XXJ,Female,free,62,71
XXJ,Male,free,57,71
XXJ,Female,free,58,70
XXJ,Male,free,57,67
XXJ,Male,pay,62,69
XXJ,Male,free,55,65
XXJ,Female,free,60,76
XXJ,Female,free,52,62
XXJ,Female,free,61,67
XXJ,Female,free,60,70
XXJ,Female,pay,62,68
XXJ,Male,free,60,64
XXJ,Male,pay,67,75
XXJ,Male,pay,61,70
XXJ,Female,free,58,68
197,Male,free,53,68
197,Male,pay,63,78
197,Male,pay,67,79
197,Male,pay,61,76
197,Male,pay,57,76
197,Female,pay,72,84
197,Female,pay,65,78
197,Male,free,56,73
197,Female,pay,64,77
197,Male,pay,65,80
197,Male,pay,65,79
197,Male,pay,64,84
197,Female,pay,62,81
197,Female,pay,58,78
5LQ,Female,free,63,84
5LQ,Female,free,68,85
5LQ,Male,free,66,81
5LQ,Male,pay,68,88
5LQ,Female,pay,66,81
5LQ,Female,pay,68,82
5LQ,Male,free,68,79
5LQ,Male,pay,69,83
5LQ,Female,pay,66,83
5LQ,Male,free,65,83
5LQ,Female,pay,58,80
5LQ,Male,pay,59,81
5LQ,Female,pay,73,82
5LQ,Male,pay,67,86
5LQ,Male,pay,72,83
5LQ,Female,free,56,73
5LQ,Male,pay,61,76
5LQ,Male,pay,68,87
JGD,Male,pay,57,79
JGD,Female,pay,62,76
JGD,Male,pay,58,68
JGD,Male,free,56,69
JGD,Female,pay,64,76
JGD,Male,free,58,73
JGD,Male,free,63,78
JGD,Male,pay,58,77
JGD,Female,pay,61,77
JGD,Female,pay,60,74
JGD,Male,pay,55,72
JGD,Male,pay,59,74
JGD,Female,pay,64,80
JGD,Female,pay,65,75
HCB,Female,pay,47,61
HCB,Male,free,38,49
HCB,Male,free,47,60
HCB,Female,free,48,61
HCB,Female,pay,46,58
HCB,Male,free,53,55
HCB,Female,free,44,58
HCB,Female,free,45,57
HCB,Female,free,48,61
HCB,Female,free,46,55
HCB,Female,free,47,59
HCB,Male,free,48,61
HCB,Female,free,41,61
HCB,Female,free,44,59
HCB,Female,free,46,57
HCB,Male,free,39,50
HCB,Female,free,44,57
HCB,Female,free,44,56
HCB,Female,free,48,58
HCB,Female,free,45,55
HCB,Male,free,45,56
HCB,Male,free,46,64
NOR,Female,free,61,75
NOR,Female,free,60,76
NOR,Male,free,59,79
NOR,Male,free,66,82
NOR,Female,free,65,76
NOR,Male,free,60,78
NOR,Female,free,59,79
NOR,Male,free,60,75
NOR,Female,free,65,82
NOR,Male,free,62,74
NOR,Female,pay,65,79
NOR,Female,free,61,72
NOR,Male,free,66,79
NOR,Male,free,59,75
NOR,Male,free,61,79
NOR,Male,pay,65,80
NOR,Female,free,65,81
NOR,Female,free,61,85
NOR,Male,free,63,78
NOR,Female,free,64,79
NOR,Female,free,60,77
NOR,Female,free,60,73
NOR,Male,pay,65,84
NOR,Female,pay,68,83
NOR,Female,pay,67,81
NOR,Female,free,60,74
NOR,Male,free,64,77
X78,Male,free,55,64
X78,Female,pay,59,64
X78,Male,free,53,65
X78,Male,free,59,69
X78,Male,free,52,61
X78,Male,free,53,64
X78,Female,free,53,63
X78,Female,free,58,65
X78,Female,pay,55,72
X78,Male,free,62,72
X78,Male,free,57,60
X78,Male,pay,59,70
X78,Male,free,52,65
X78,Male,pay,63,74
X78,Female,free,57,69
X78,Male,free,55,63
X78,Female,free,54,69
X78,Female,free,54,69
X78,Male,free,52,62
X78,Male,free,56,65
X78,Male,pay,56,62
YUC,Female,free,52,57
YUC,Female,free,47,57
YUC,Female,free,45,49
YUC,Female,free,47,54
YUC,Female,free,48,55
YUC,Female,free,45,54
YUC,Male,free,46,59
YUC,Male,free,49,58
YUC,Male,pay,47,62
YUC,Female,free,44,55
YUC,Female,free,47,59
YUC,Female,free,48,59
YUC,Female,free,41,54
YUC,Female,free,42,53
YUC,Male,pay,45,60
YUC,Female,free,52,59
YUC,Female,free,44,51
YUC,Female,free,50,55
YUC,Female,free,40,53
YUC,Male,free,40,51
YUC,Male,free,44,57
ZDT,Female,free,58,67
ZDT,Male,free,54,60
ZDT,Male,free,51,63
ZDT,Male,free,52,59
ZDT,Female,free,57,70
ZDT,Female,pay,54,65
ZDT,Male,free,56,66
ZDT,Male,free,52,59
ZDT,Male,free,55,69
ZDT,Male,free,49,62
ZDT,Male,free,52,63
ZDT,Male,free,55,64
ZDT,Female,free,57,63
ZDT,Male,free,54,67
ZDT,Female,free,56,64
ZDT,Female,pay,54,66
ZDT,Male,free,50,63
ZDT,Female,free,54,63
ZDT,Male,free,48,61
ZDT,Female,pay,60,69
ZDT,Female,free,54,63
ZDT,Female,free,55,65
ZDT,Female,free,52,68
ZDT,Male,free,49,65
ZDT,Male,free,55,61
ZDT,Male,free,52,66
ZDT,Female,free,55,64
ENO,Female,free,50,72
ENO,Female,free,57,70
ENO,Male,free,58,70
ENO,Male,pay,61,72
ENO,Female,pay,60,70
ENO,Male,free,55,71
ENO,Male,free,55,68
ENO,Male,pay,55,74
ENO,Female,free,52,65
ENO,Female,free,53,72
ENO,Male,free,54,72
ENO,Female,free,51,62
ENO,Male,pay,56,72
ENO,Female,free,59,77
ENO,Male,free,51,69
ENO,Male,free,50,69
ENO,Female,free,59,75
ENO,Female,pay,59,70
ENO,Female,free,52,69
ENO,Male,free,54,69
ENO,Male,free,46,65
ENO,Male,free,49,67
TSA,Female,free,56,70
TSA,Male,free,54,72
TSA,Male,free,57,71
TSA,Male,free,54,68
TSA,Male,pay,58,68
TSA,Male,free,59,70
TSA,Female,free,55,71
TSA,Female,free,51,69
TSA,Female,free,58,71
TSA,Male,free,54,74
TSA,Male,pay,53,68
TSA,Male,free,52,68
TSA,Male,free,51,66
TSA,Female,free,54,72
TSA,Female,free,48,63
TSA,Male,free,56,74
TSA,Male,free,52,70
TSA,Male,free,53,61
TSA,Female,free,54,69
TSA,Male,pay,50,67
TSA,Male,free,48,70
TSA,Male,free,56,75
TSA,Male,free,53,69
VA6,Female,free,48,56
VA6,Male,pay,49,57
VA6,Female,free,40,52
VA6,Male,pay,42,61
VA6,Male,free,43,57
VA6,Male,free,43,56
VA6,Female,free,47,53
VA6,Female,free,44,53
VA6,Female,free,42,53
VA6,Male,free,45,53
VA6,Male,pay,44,53
VA6,Female,free,44,57
VA6,Male,free,41,50
VA6,Female,free,39,48
VA6,Male,free,39,48
VA6,Female,free,43,53
VA6,Female,pay,45,57
VA6,Male,free,45,53
VA6,Male,free,36,51
18K,Female,free,47,58
18K,Male,free,50,57
18K,Male,free,48,53
18K,Female,free,53,57
18K,Male,free,46,59
18K,Male,free,46,54
18K,Male,free,45,51
18K,Female,free,44,55
18K,Male,free,50,56
18K,Male,free,49,58
18K,Male,free,42,56
18K,Male,free,47,53
18K,Female,free,44,57
18K,Male,pay,44,59
18K,Female,free,49,55
18K,Female,free,47,55
18K,Male,free,42,54
18K,Female,free,48,58
18K,Male,free,45,51
18K,Male,free,42,52
18K,Female,free,43,60
18K,Female,free,52,59
18K,Female,free,41,53
18K,Female,free,50,57
18K,Male,free,42,51
18K,Female,pay,47,59
18K,Female,free,41,57
18K,Female,pay,55,62
18K,Male,free,48,58
18K,Male,free,51,62
18K,Female,free,42,51
CXC,Male,free,31,39
CXC,Female,pay,35,43
CXC,Female,free,31,45
CXC,Male,pay,38,45
CXC,Male,pay,33,47
CXC,Female,free,27,42
CXC,Male,free,36,44
CXC,Female,free,33,46
CXC,Female,free,30,43
CXC,Female,free,33,43
CXC,Female,free,36,43
CXC,Male,free,36,45
CXC,Male,free,30,42
CXC,Male,free,33,43
CXC,Female,free,34,48
CXC,Female,free,37,41
CXC,Female,free,33,36
CXC,Male,free,33,40
CXC,Female,free,32,45
CXC,Female,free,29,44
CXC,Female,pay,39,52
CXC,Female,pay,38,48
CXC,Male,free,29,41
CXC,Female,free,33,46
HKF,Female,free,28,43
HKF,Male,free,33,41
HKF,Female,free,37,44
HKF,Male,free,28,45
HKF,Female,free,32,32
HKF,Female,free,30,43
HKF,Male,free,31,38
HKF,Female,free,27,43
HKF,Female,free,28,45
HKF,Male,free,32,38
HKF,Female,free,23,35
HKF,Male,free,30,39
HKF,Female,free,33,42
HKF,Female,free,30,39
HKF,Male,free,30,44
HKF,Male,free,26,34
HKF,Male,free,31,42
HKF,Male,free,30,41
HKF,Male,free,36,44
HKF,Male,free,27,39
HKF,Male,free,36,43
HKF,Male,free,30,41
HKF,Female,free,32,42
HKF,Female,free,31,45
HKF,Female,free,34,43
HKF,Male,free,30,40
HKF,Male,free,30,44
HKF,Female,free,33,40
PBA,Male,free,41,49
PBA,Male,free,40,50
PBA,Male,free,37,45
PBA,Male,free,37,44
PBA,Female,free,40,51
PBA,Male,free,41,51
PBA,Male,free,37,50
PBA,Male,free,36,49
PBA,Male,free,41,54
PBA,Female,pay,40,52
PBA,Male,free,39,46
PBA,Male,free,40,49
PBA,Male,free,42,50
PBA,Male,free,39,48
PBA,Male,free,45,54
PBA,Female,free,42,48
PBA,Female,free,43,54
PBA,Male,pay,44,54
PBA,Male,free,40,51
PBA,Male,free,36,48
PBA,Female,pay,47,55
PBA,Male,free,43,53
PBA,Female,free,38,51
PBA,Male,free,40,54
U6J,Female,free,44,52
U6J,Female,free,40,52
U6J,Female,free,43,53
U6J,Female,free,36,50
U6J,Male,free,40,51
U6J,Female,free,41,47
U6J,Female,free,39,47
U6J,Female,free,41,47
U6J,Male,free,39,48
U6J,Female,free,37,46
U6J,Male,free,44,52
U6J,Female,free,38,44
U6J,Female,free,35,52
U6J,Male,free,35,48
U6J,Male,free,38,51
U6J,Male,free,41,52
U6J,Female,free,31,44
U6J,Male,free,37,47
U6J,Female,free,36,48
U6J,Female,free,41,46
U6J,Female,free,39,50
U6J,Female,free,36,53
U6J,Male,free,37,48
U6J,Female,free,38,48
U6J,Female,free,39,47
W8A,Female,free,35,55
W8A,Male,free,37,54
W8A,Male,pay,40,59
W8A,Male,free,37,61
W8A,Female,free,40,57
W8A,Female,free,34,54
W8A,Female,free,39,56
W8A,Male,free,36,55
W8A,Female,free,36,57
W8A,Male,pay,45,64
W8A,Male,free,36,57
W8A,Male,free,40,60
W8A,Male,free,42,55
W8A,Male,free,38,59
W8A,Male,free,40,56
W8A,Female,free,34,56
W8A,Female,free,40,54
W8A,Male,free,38,53
W8A,Female,free,40,50
W8A,Male,free,40,55
W8A,Female,free,42,60
W8A,Female,free,36,59
W8A,Male,free,36,51
W8A,Female,free,41,58
W8A,Female,free,44,58
W8A,Female,free,39,56
05H,Female,pay,74,82
05H,Male,pay,74,85
05H,Male,pay,72,76
05H,Female,pay,71,80
05H,Male,pay,77,85
05H,Male,pay,79,86
05H,Female,pay,73,82
05H,Female,pay,74,82
05H,Male,pay,73,85
05H,Male,pay,74,85
05H,Female,pay,72,87
05H,Male,pay,66,88
05H,Male,pay,75,86
05H,Male,pay,74,85
05H,Female,pay,74,84
05H,Male,pay,74,85
05H,Male,pay,74,85
05H,Male,pay,69,80
05H,Female,pay,71,80
05H,Female,pay,74,85
05H,Female,pay,69,81
05H,Male,pay,72,80
98D,Female,pay,82,93
98D,Male,pay,79,90
98D,Female,pay,73,92
98D,Male,pay,78,97
98D,Female,pay,74,93
98D,Male,pay,82,87
98D,Male,pay,74,95
98D,Male,pay,77,91
98D,Female,pay,78,91
98D,Female,pay,79,99
98D,Female,pay,76,92
98D,Male,pay,75,91
98D,Male,pay,72,87
98D,Male,pay,77,88
98D,Male,pay,71,88
98D,Female,pay,80,95
98D,Male,pay,73,89
98D,Male,pay,77,94
98D,Male,pay,78,95
98D,Male,pay,76,90
98D,Female,pay,78,96
G2L,Male,pay,78,88
G2L,Female,pay,75,88
G2L,Male,pay,76,79
G2L,Female,pay,75,84
G2L,Female,pay,70,87
G2L,Female,pay,70,86
G2L,Male,pay,69,83
G2L,Female,pay,76,83
G2L,Female,pay,71,83
G2L,Female,pay,73,82
G2L,Male,pay,73,80
G2L,Male,pay,78,81
G2L,Female,pay,77,83
G2L,Female,pay,75,86
G2L,Male,pay,77,87
G2L,Female,pay,71,79
G2L,Female,pay,69,79
P2A,Female,pay,85,98
P2A,Female,pay,83,96
P2A,Female,pay,84,99
P2A,Male,pay,86,100
P2A,Female,pay,83,100
P2A,Male,pay,89,98
P2A,Male,pay,85,100
P2A,Male,pay,80,95
P2A,Male,pay,83,100
P2A,Male,pay,93,100
P2A,Male,pay,83,100
P2A,Female,pay,86,98
P2A,Male,pay,88,100
P2A,Male,pay,84,96
P2A,Male,pay,81,95
P2A,Female,pay,87,98
P2A,Female,pay,81,100
XZM,Male,pay,64,75
XZM,Female,pay,71,81
XZM,Male,pay,64,81
XZM,Male,pay,66,82
XZM,Female,pay,72,79
XZM,Female,pay,71,75
XZM,Female,pay,67,81
XZM,Male,pay,66,76
XZM,Male,pay,68,79
XZM,Male,pay,73,81
XZM,Female,pay,68,80
XZM,Female,pay,71,81
XZM,Male,pay,68,76
XZM,Male,pay,63,77
XZM,Female,pay,70,86
XZM,Male,pay,68,77
XZM,Female,pay,71,74
1VD,Male,free,39,59
1VD,Male,free,39,53
1VD,Male,free,39,59
1VD,Female,free,42,55
1VD,Male,free,39,57
1VD,Female,free,43,57
1VD,Female,free,37,52
1VD,Female,pay,45,67
1VD,Female,pay,45,61
1VD,Male,free,38,57
1VD,Female,free,41,51
1VD,Female,free,40,58
1VD,Male,free,41,55
1VD,Male,pay,47,62
1VD,Female,free,49,62
1VD,Female,free,44,57
1VD,Male,free,42,56
1VD,Male,free,42,50
1VD,Female,free,43,56
1VD,Female,free,43,55
1VD,Female,free,43,56
1VD,Female,free,37,57
1VD,Male,pay,51,67
1VD,Male,free,45,58
1VD,Male,free,43,62
1VD,Female,free,43,61
1VD,Male,free,39,55
21Q,Female,pay,44,56
21Q,Female,free,40,56
21Q,Male,free,38,49
21Q,Female,free,41,47
21Q,Male,free,42,51
21Q,Female,free,43,56
21Q,Female,free,39,55
21Q,Female,pay,41,54
21Q,Female,free,39,54
21Q,Female,free,42,56
21Q,Female,pay,47,54
21Q,Female,pay,48,52
21Q,Male,free,41,47
21Q,Female,free,37,49
21Q,Female,free,42,49
21Q,Female,pay,42,51
21Q,Male,free,38,48
21Q,Male,free,45,50
21Q,Male,free,42,54
21Q,Male,pay,44,52
21Q,Male,free,39,48
21Q,Female,free,42,53
21Q,Male,free,44,44
21Q,Male,free,39,51
21Q,Male,free,39,47
2BR,Female,free,48,58
2BR,Male,free,48,60
2BR,Male,free,52,59
2BR,Male,free,48,55
2BR,Male,free,45,59
2BR,Female,free,43,62
2BR,Female,free,51,62
2BR,Male,free,49,62
2BR,Female,free,45,56
2BR,Male,free,51,61
2BR,Female,free,49,55
2BR,Male,free,48,54
2BR,Male,free,45,54
2BR,Male,free,48,53
2BR,Female,free,50,55
2BR,Male,free,46,57
2BR,Male,free,50,59
2BR,Male,free,48,54
2BR,Female,free,53,62
2BR,Female,free,47,56
3D0,Female,free,32,40
3D0,Female,free,30,43
3D0,Male,free,28,42
3D0,Male,free,30,42
3D0,Male,free,29,42
3D0,Female,free,30,36
3D0,Female,free,34,41
3D0,Female,free,28,37
3D0,Female,free,29,39
3D0,Female,free,29,41
3D0,Female,free,29,40
3D0,Female,free,29,40
3D0,Female,free,32,39
3D0,Male,free,29,43
3D0,Female,free,31,42
3D0,Female,free,27,41
3D0,Male,free,34,40
3D0,Female,free,27,43
3D0,Male,free,31,37
3D0,Female,free,26,38
3D0,Female,free,32,43
3D0,Male,free,30,42
5JK,Female,free,33,42
5JK,Female,free,34,44
5JK,Male,free,29,43
5JK,Male,free,31,42
5JK,Female,free,33,39
5JK,Male,free,33,44
5JK,Male,free,33,45
5JK,Male,free,38,44
5JK,Female,free,36,46
5JK,Male,free,36,43
5JK,Male,free,33,43
5JK,Male,free,37,43
5JK,Male,free,34,45
5JK,Female,free,29,39
5JK,Female,free,33,42
5JK,Female,free,32,45
5JK,Female,free,34,47
5JK,Female,free,34,45
5JK,Female,free,36,49
5JK,Female,free,33,45
5JK,Male,free,32,44
5JK,Female,free,36,49
5JK,Male,free,30,43
5JK,Female,free,32,45
O6A,Male,free,48,54
O6A,Male,free,40,49
O6A,Female,free,42,56
O6A,Female,free,43,59
O6A,Male,free,45,55
O6A,Female,free,43,57
O6A,Male,free,47,59
O6A,Male,free,44,55
O6A,Male,free,46,50
O6A,Male,free,45,54
O6A,Male,free,45,52
O6A,Male,free,47,54
O6A,Female,free,43,52
O6A,Female,free,41,53
O6A,Male,free,43,55
O6A,Female,free,50,60
O6A,Female,free,42,50
O6A,Male,free,42,57
O6A,Male,free,37,52
O6A,Male,free,45,56
O6A,Female,free,43,59
O6A,Female,free,47,62
QTU,Male,free,28,40
QTU,Female,free,39,47
QTU,Male,free,36,51
QTU,Female,free,34,49
QTU,Female,free,35,46
QTU,Male,free,31,46
QTU,Male,free,29,44
QTU,Female,free,32,46
QTU,Male,free,32,38
QTU,Male,free,31,45
QTU,Female,free,33,46
QTU,Male,free,32,41
QTU,Male,free,35,45
QTU,Male,free,31,42
QTU,Male,free,36,40
QTU,Female,free,35,45
QTU,Male,free,26,37
QTU,Male,free,30,44
QTU,Male,free,34,41
QTU,Male,free,29,43
QTU,Male,free,31,47
QTU,Male,free,32,41
QTU,Female,free,36,45
AJ1,Female,pay,65,76
AJ1,Female,pay,66,69
AJ1,Female,pay,58,70
AJ1,Female,pay,67,79
AJ1,Male,pay,60,70
AJ1,Male,pay,59,69
AJ1,Female,pay,58,71
AJ1,Male,pay,62,74
AJ1,Male,pay,60,68
AJ1,Female,pay,66,74
AJ1,Female,pay,59,70
AJ1,Male,pay,63,70
AJ1,Male,pay,57,67
AJ1,Female,pay,58,70
AJ1,Male,pay,58,71
AJ1,Male,pay,65,71
AJ1,Female,pay,67,74
AJ1,Female,pay,66,72
AJ1,Female,pay,63,72
AJ1,Female,pay,59,73
AJ1,Male,pay,64,73
J8J,Male,pay,62,71
J8J,Female,pay,53,71
J8J,Male,pay,56,71
J8J,Female,pay,66,72
J8J,Male,pay,65,72
J8J,Male,pay,62,70
J8J,Female,pay,60,75
J8J,Male,pay,59,67
J8J,Male,pay,60,70
J8J,Male,pay,63,72
J8J,Female,pay,62,73
J8J,Female,pay,66,71
J8J,Female,pay,56,63
J8J,Female,pay,60,71
J8J,Female,pay,59,69
J8J,Male,pay,54,65
J8J,Female,pay,61,70
J8J,Female,pay,60,66
J8J,Female,pay,60,70
RA5,Male,pay,65,82
RA5,Male,pay,66,82
RA5,Female,pay,67,83
RA5,Female,pay,68,84
RA5,Male,pay,63,74
RA5,Female,pay,63,80
RA5,Male,pay,56,72
RA5,Female,pay,60,78
RA5,Male,pay,63,81
RA5,Female,pay,65,80
RA5,Male,pay,68,80
RA5,Female,pay,64,79
RA5,Female,pay,65,79
RA5,Male,pay,67,83
RA5,Female,pay,62,80
RA5,Female,pay,63,83
RA5,Female,pay,67,78
5SZ,Female,free,56,71
5SZ,Female,pay,62,77
5SZ,Male,pay,63,77
5SZ,Male,pay,58,79
5SZ,Male,pay,61,78
5SZ,Male,pay,65,78
5SZ,Male,free,58,72
5SZ,Male,pay,61,80
5SZ,Male,pay,67,84
5SZ,Male,pay,58,78
5SZ,Male,pay,62,78
5SZ,Male,pay,65,78
5SZ,Female,pay,63,81
5SZ,Male,pay,62,77
5SZ,Male,pay,62,82
5SZ,Female,pay,63,82
5SZ,Female,pay,60,81
6U9,Female,pay,50,60
6U9,Male,pay,47,62
6U9,Male,pay,48,58
6U9,Male,free,43,51
6U9,Female,pay,50,59
6U9,Female,pay,48,58
6U9,Male,pay,48,60
6U9,Male,pay,44,56
6U9,Male,pay,51,60
6U9,Female,pay,44,56
6U9,Female,pay,53,62
6U9,Male,pay,47,55
6U9,Female,pay,46,50
6U9,Female,free,50,53
6U9,Female,pay,53,59
6U9,Male,pay,47,58
6U9,Male,pay,45,57
6U9,Male,pay,49,60
6U9,Male,pay,45,56
6U9,Male,pay,47,58
6U9,Male,pay,49,68
6U9,Male,pay,44,54
FS3,Male,pay,60,70
FS3,Male,pay,55,68
FS3,Male,pay,59,68
FS3,Male,pay,60,71
FS3,Male,pay,64,76
FS3,Female,pay,62,74
FS3,Male,pay,63,71
FS3,Male,pay,60,66
FS3,Male,pay,58,68
FS3,Female,pay,61,72
FS3,Female,pay,62,73
FS3,Male,pay,59,72
FS3,Male,free,57,73
FS3,Female,free,66,72
FS3,Male,pay,61,75
FS3,Male,pay,61,71
FS3,Female,free,55,68
FS3,Male,pay,57,68
FS3,Female,pay,58,68
XJ8,Male,pay,59,66
XJ8,Male,pay,62,69
XJ8,Male,free,53,62
XJ8,Female,pay,52,70
XJ8,Female,pay,63,73
XJ8,Male,free,55,62
XJ8,Male,pay,56,67
XJ8,Male,pay,57,67
XJ8,Male,free,54,63
XJ8,Male,pay,59,62
XJ8,Male,pay,59,71
XJ8,Female,free,55,66
XJ8,Female,pay,53,68
XJ8,Female,pay,57,67
XJ8,Male,pay,61,67
XJ8,Female,pay,57,69
XJ8,Male,pay,60,65
XJ8,Female,pay,58,74
XJ8,Female,pay,59,68
XJ8,Male,pay,58,66
XJ8,Male,pay,59,68
XJ8,Male,pay,58,74
XJ8,Male,pay,56,62
0N7,Female,pay,44,57
0N7,Female,pay,43,61
0N7,Male,pay,45,57
0N7,Male,pay,44,58
0N7,Male,pay,47,64
0N7,Male,free,42,66
0N7,Female,pay,46,68
0N7,Female,pay,39,60
0N7,Male,pay,39,61
0N7,Female,free,42,56
0N7,Male,pay,40,60
0N7,Female,pay,43,59
0N7,Female,pay,44,60
0N7,Female,pay,45,60
0N7,Female,pay,48,60
0N7,Male,pay,43,59
0N7,Female,pay,43,59
0N7,Female,pay,43,63
0N7,Male,pay,50,63
0N7,Female,pay,39,61
0N7,Male,pay,47,63
0N7,Female,pay,49,68
0N7,Female,pay,41,59
0N7,Female,free,47,57
0N7,Male,pay,47,61
0N7,Male,pay,44,59
0N7,Male,pay,46,59
0N7,Male,pay,45,64
3XJ,Female,pay,52,59
3XJ,Female,pay,50,61
3XJ,Female,pay,54,60
3XJ,Female,pay,50,61
3XJ,Female,pay,46,60
3XJ,Male,pay,51,63
3XJ,Male,pay,49,59
3XJ,Female,pay,51,54
3XJ,Female,pay,46,54
3XJ,Female,pay,48,61
3XJ,Female,pay,54,64
3XJ,Male,pay,51,59
3XJ,Female,pay,53,57
3XJ,Male,pay,51,64
3XJ,Male,pay,51,58
3XJ,Male,pay,50,61
3XJ,Male,pay,49,56
3XJ,Female,pay,50,58
3XJ,Male,pay,53,61
3XJ,Male,pay,49,55
3XJ,Female,pay,49,59
3XJ,Female,pay,49,56
3XJ,Female,pay,45,58
3XJ,Female,pay,46,58
RK7,Male,pay,53,58
RK7,Male,pay,49,58
RK7,Male,pay,55,61
RK7,Male,pay,53,63
RK7,Male,pay,47,55
RK7,Male,pay,50,61
RK7,Male,pay,50,61
RK7,Female,pay,50,61
RK7,Male,pay,49,56
RK7,Female,pay,52,60
RK7,Male,pay,49,60
RK7,Male,pay,46,57
RK7,Female,pay,50,62
RK7,Female,pay,50,59
RK7,Female,pay,50,63
RK7,Male,pay,52,61
RK7,Female,pay,49,63
RK7,Female,pay,48,66
RK7,Female,pay,47,51
RK7,Female,pay,54,64
RK7,Male,pay,52,60
RK7,Male,pay,49,60
SUR,Male,pay,59,66
SUR,Male,pay,49,66
SUR,Female,pay,51,58
SUR,Female,pay,55,64
SUR,Female,free,48,62
SUR,Female,pay,51,64
SUR,Male,pay,56,69
SUR,Male,pay,54,65
SUR,Male,pay,53,63
SUR,Female,pay,51,62
SUR,Male,pay,55,64
SUR,Female,pay,55,69
SUR,Male,pay,60,65
SUR,Male,pay,51,62
SUR,Female,pay,53,62
SUR,Female,pay,51,62
SUR,Male,pay,56,60
SUR,Female,pay,54,62
SUR,Male,free,52,57
SUR,Male,pay,54,64
SUR,Male,pay,54,62
SUR,Female,pay,50,56
SUR,Female,pay,52,59
SUR,Female,pay,51,61
SUR,Male,pay,54,62
SUR,Female,pay,47,58
SUR,Female,pay,53,61
SUR,Female,pay,52,65
X2O,Male,pay,63,71
X2O,Male,free,62,78
X2O,Male,pay,63,76
X2O,Male,pay,62,80
X2O,Female,pay,63,76
X2O,Male,pay,60,75
X2O,Male,pay,59,85
X2O,Female,pay,57,78
X2O,Female,pay,65,78
X2O,Male,pay,57,81
X2O,Male,pay,58,78
X2O,Female,pay,58,77
X2O,Male,pay,59,76
X2O,Male,pay,63,76
X2O,Male,pay,67,79
X2O,Male,pay,65,78
X2O,Female,pay,63,79
X2O,Female,pay,65,79
X2O,Male,free,57,73
X2O,Female,pay,62,76
X2O,Male,pay,63,74
X2O,Female,pay,65,76
X2O,Male,pay,61,79
X2O,Female,pay,66,81
X2O,Male,pay,62,81
XZ4,Female,pay,59,73
XZ4,Female,pay,57,68
XZ4,Male,pay,61,63
XZ4,Male,pay,54,66
XZ4,Male,pay,54,65
XZ4,Female,pay,59,70
XZ4,Female,pay,57,66
XZ4,Female,free,57,64
XZ4,Female,pay,56,69
XZ4,Male,pay,53,67
XZ4,Female,pay,59,69
XZ4,Male,pay,60,74
XZ4,Female,pay,61,71
XZ4,Female,pay,58,70
XZ4,Female,pay,56,69
XZ4,Male,free,56,66
XZ4,Female,pay,63,73
XZ4,Male,pay,58,70
XZ4,Female,pay,56,68
XZ4,Male,pay,59,68
XZ4,Male,pay,63,68
XZ4,Female,pay,59,71
1SZ,Male,pay,61,70
1SZ,Male,pay,56,64
1SZ,Female,pay,64,68
1SZ,Male,pay,60,67
1SZ,Male,pay,56,73
1SZ,Male,pay,53,67
1SZ,Male,pay,63,69
1SZ,Male,pay,55,69
1SZ,Male,pay,55,64
1SZ,Female,pay,60,71
1SZ,Female,pay,59,65
1SZ,Female,pay,58,68
1SZ,Female,pay,55,65
1SZ,Female,pay,62,67
1SZ,Male,pay,50,65
1SZ,Male,pay,59,69
1SZ,Female,pay,56,66
1SZ,Female,pay,63,75
1SZ,Male,pay,59,70
1SZ,Female,pay,64,70
1SZ,Female,pay,64,69
1SZ,Male,pay,60,70
62L,Female,pay,67,81
62L,Male,pay,62,68
62L,Female,pay,68,78
62L,Female,free,58,70
62L,Male,pay,61,73
62L,Female,pay,65,76
62L,Female,pay,58,74
62L,Male,pay,61,79
62L,Male,pay,67,73
62L,Female,pay,66,76
62L,Female,pay,66,72
62L,Female,pay,70,83
62L,Male,pay,62,74
62L,Male,pay,62,72
62L,Male,pay,65,77
62L,Female,pay,66,75
62L,Female,pay,64,73
62L,Female,pay,65,72
62L,Female,pay,69,79
62L,Female,pay,62,68
62L,Male,pay,68,74
62L,Female,pay,63,71
62L,Female,pay,70,75
NWZ,Female,pay,54,68
NWZ,Female,pay,62,69
NWZ,Male,pay,58,67
NWZ,Male,pay,60,68
NWZ,Female,pay,63,72
NWZ,Male,pay,56,69
NWZ,Male,pay,57,66
NWZ,Male,pay,58,68
NWZ,Male,pay,56,69
NWZ,Male,pay,56,67
NWZ,Male,pay,60,69
NWZ,Male,pay,65,72
NWZ,Male,pay,62,67
NWZ,Female,pay,63,71
NWZ,Female,pay,57,68
NWZ,Female,pay,52,66
NWZ,Female,pay,58,69
NWZ,Female,pay,57,67
NWZ,Male,pay,58,67
NWZ,Male,pay,60,66
NWZ,Female,free,51,62
S98,Female,pay,73,79
S98,Male,pay,67,77
S98,Female,pay,68,79
S98,Male,pay,70,78
S98,Male,pay,68,77
S98,Female,pay,66,71
S98,Male,pay,65,81
S98,Female,pay,70,77
S98,Female,pay,67,79
S98,Female,pay,64,71
S98,Male,pay,64,77
S98,Female,pay,67,75
S98,Male,pay,65,73
S98,Male,pay,67,75
S98,Female,pay,68,76
S98,Female,pay,72,73
S98,Male,pay,69,79
S98,Male,pay,71,79
S98,Female,pay,71,81
S98,Male,pay,68,77
S98,Male,pay,68,78
08N,Female,pay,84,95
08N,Female,pay,83,93
08N,Male,pay,84,91
08N,Female,pay,87,94
08N,Female,pay,80,94
08N,Male,pay,76,93
08N,Female,pay,91,98
08N,Male,pay,82,94
08N,Male,pay,83,91
08N,Female,pay,82,94
08N,Male,pay,85,94
08N,Male,pay,82,95
08N,Female,pay,84,94
08N,Female,pay,84,99
08N,Male,pay,86,96
08N,Male,pay,81,91
08N,Female,pay,87,91
08N,Female,pay,83,98
08N,Male,pay,89,94
08N,Male,pay,79,89
08N,Female,pay,87,93
9AW,Male,pay,81,94
9AW,Female,pay,87,97
9AW,Female,pay,82,93
9AW,Female,pay,84,93
9AW,Male,pay,82,93
9AW,Female,pay,81,93
9AW,Male,pay,86,94
9AW,Female,pay,83,90
9AW,Female,pay,85,88
9AW,Female,pay,85,97
9AW,Female,pay,86,93
9AW,Male,pay,83,94
9AW,Female,pay,86,95
9AW,Female,pay,81,94
9AW,Female,pay,80,92
9AW,Male,pay,84,92
9AW,Male,pay,83,93
9AW,Male,pay,82,91
9AW,Female,pay,87,92
9AW,Female,pay,86,93
9AW,Female,pay,81,92
9AW,Female,pay,84,94
9AW,Male,pay,86,96
9AW,Male,pay,82,95
9AW,Male,pay,85,91
IPU,Female,pay,77,89
IPU,Female,pay,76,96
IPU,Male,pay,77,90
IPU,Male,pay,74,95
IPU,Female,pay,75,93
IPU,Male,pay,81,89
IPU,Male,pay,75,92
IPU,Male,pay,76,93
IPU,Female,pay,73,93
IPU,Female,pay,79,91
IPU,Male,pay,79,92
IPU,Female,pay,68,88
IPU,Female,pay,76,93
IPU,Male,pay,79,93
IPU,Male,pay,75,88
IPU,Female,pay,72,91
IPU,Male,pay,76,90
IPU,Male,pay,79,93
IPU,Female,pay,75,90
KXB,Male,pay,74,86
KXB,Male,pay,76,95
KXB,Male,pay,72,88
KXB,Male,pay,78,96
KXB,Male,pay,74,95
KXB,Male,pay,75,90
KXB,Female,pay,76,92
KXB,Female,pay,75,90
KXB,Male,pay,71,85
KXB,Female,pay,78,89
KXB,Female,pay,75,90
KXB,Male,pay,75,85
KXB,Female,pay,76,90
KXB,Male,pay,81,85
KXB,Male,pay,74,91
KXB,Female,pay,67,88
KXB,Male,pay,73,91
KXB,Female,pay,75,93
PGH,Female,pay,75,91
PGH,Female,pay,70,84
PGH,Female,pay,74,90
PGH,Female,pay,73,91
PGH,Female,pay,71,92
PGH,Male,pay,70,86
PGH,Male,pay,76,95
PGH,Female,pay,74,90
PGH,Male,pay,71,85
PGH,Male,pay,73,92
PGH,Female,pay,71,90
PGH,Female,pay,74,93
PGH,Male,pay,71,89
PGH,Female,pay,74,88
PGH,Male,pay,73,92
PGH,Male,pay,72,82
PGH,Male,pay,70,90
PGH,Female,pay,69,90
PGH,Female,pay,72,90
PGH,Female,pay,75,91
PGH,Female,pay,72,86
PGH,Male,pay,71,91
PGH,Male,pay,72,96
XXE,Female,pay,81,90
XXE,Female,pay,83,88
XXE,Male,pay,78,82
XXE,Male,pay,82,87
XXE,Female,pay,77,88
XXE,Male,pay,80,92
XXE,Female,pay,75,86
XXE,Female,pay,84,93
XXE,Female,pay,80,95
XXE,Male,pay,78,89
XXE,Female,pay,77,90
XXE,Female,pay,77,82
XXE,Male,pay,79,87
XXE,Female,pay,81,93
XXE,Male,pay,82,89
XXE,Female,pay,77,88
XXE,Male,pay,79,89
XXE,Male,pay,80,87
XXE,Male,pay,78,92
XXE,Male,pay,77,84
XXE,Female,pay,78,89
XXE,Female,pay,78,87
6C1,Female,pay,62,75
6C1,Female,pay,55,69
6C1,Female,pay,62,70
6C1,Female,free,56,67
6C1,Male,pay,59,70
6C1,Male,pay,60,72
6C1,Male,pay,65,75
6C1,Male,pay,67,76
6C1,Female,pay,59,72
6C1,Female,free,57,62
6C1,Female,pay,60,72
6C1,Male,pay,61,78
6C1,Male,pay,55,71
6C1,Male,pay,62,74
6C1,Female,pay,62,73
6C1,Male,pay,62,71
AE1,Male,pay,68,82
AE1,Male,free,64,82
AE1,Male,pay,65,82
AE1,Male,pay,69,81
AE1,Female,pay,72,88
AE1,Male,pay,63,81
AE1,Female,pay,70,84
AE1,Male,pay,67,87
AE1,Male,pay,68,83
AE1,Female,pay,78,87
AE1,Female,pay,75,87
AE1,Female,pay,72,81
AE1,Male,pay,68,86
AE1,Male,pay,67,79
AE1,Male,pay,69,89
AE1,Female,pay,67,85
AE1,Female,pay,70,85
H7S,Male,pay,72,90
H7S,Female,pay,72,87
H7S,Female,pay,69,87
H7S,Male,pay,73,89
H7S,Female,pay,72,85
H7S,Male,pay,70,91
H7S,Male,pay,77,85
H7S,Female,pay,71,81
H7S,Female,pay,71,90
H7S,Male,pay,72,89
H7S,Male,pay,71,88
H7S,Female,pay,75,86
H7S,Female,pay,71,83
H7S,Female,pay,72,84
H7S,Female,pay,72,85
H7S,Female,pay,67,85
P8I,Male,pay,67,80
P8I,Female,pay,72,79
P8I,Female,pay,71,76
P8I,Female,pay,72,78
P8I,Male,free,66,75
P8I,Male,pay,68,79
P8I,Female,pay,65,78
P8I,Male,pay,70,79
P8I,Female,pay,71,82
P8I,Male,pay,64,77
P8I,Male,pay,70,78
P8I,Male,pay,71,80
P8I,Male,pay,70,79
P8I,Female,pay,68,73
P8I,Female,pay,69,71
P8I,Male,pay,72,79
P8I,Female,pay,68,74
P8I,Male,pay,66,77
P8I,Female,pay,69,75
P8I,Female,free,61,73
SSP,Male,pay,68,72
SSP,Male,pay,70,79
SSP,Male,pay,67,76
SSP,Female,pay,66,83
SSP,Female,pay,66,80
SSP,Male,pay,70,75
SSP,Female,pay,64,80
SSP,Male,pay,65,78
SSP,Male,pay,67,78
SSP,Male,pay,63,76
SSP,Female,pay,73,78
SSP,Female,pay,67,73
SSP,Female,pay,69,75
SSP,Male,pay,64,79
SSP,Male,pay,62,73
CD8,Female,free,59,72
CD8,Female,free,52,68
CD8,Female,free,55,68
CD8,Male,free,53,69
CD8,Female,free,51,65
CD8,Female,free,52,73
CD8,Male,free,59,71
CD8,Female,free,55,75
CD8,Female,pay,59,76
CD8,Female,free,54,72
CD8,Female,pay,60,73
CD8,Female,free,56,73
CD8,Male,free,49,70
CD8,Male,free,54,67
CD8,Female,free,53,72
CD8,Male,free,57,73
CD8,Male,free,56,74
CD8,Male,free,54,72
CD8,Female,free,57,73
CD8,Female,free,55,72
J6X,Female,free,47,60
J6X,Male,free,51,58
J6X,Female,free,53,56
J6X,Female,free,46,56
J6X,Female,pay,55,65
J6X,Male,free,47,58
J6X,Male,free,53,60
J6X,Male,free,50,60
J6X,Male,free,44,52
J6X,Male,pay,46,58
J6X,Male,free,49,62
J6X,Male,free,45,54
J6X,Male,free,47,56
J6X,Male,free,53,58
J6X,Female,free,45,57
J6X,Male,pay,51,63
KR1,Male,free,59,70
KR1,Female,free,56,70
KR1,Female,free,58,77
KR1,Female,free,54,74
KR1,Male,free,51,67
KR1,Male,free,53,66
KR1,Male,free,50,69
KR1,Male,free,54,70
KR1,Female,free,55,73
KR1,Male,pay,55,72
KR1,Male,free,51,69
KR1,Male,free,56,71
KR1,Female,free,53,68
KR1,Male,free,53,68
KR1,Female,free,46,64
341,Female,pay,43,50
341,Female,pay,44,56
341,Male,pay,43,55
341,Male,pay,38,51
341,Female,pay,47,51
341,Female,pay,45,56
341,Male,pay,45,53
341,Female,pay,50,54
341,Male,pay,39,51
341,Female,pay,44,55
341,Female,free,36,48
341,Female,pay,43,58
341,Female,pay,48,63
341,Male,pay,43,56
341,Female,pay,46,58
341,Male,pay,42,55
341,Female,pay,40,51
341,Female,pay,47,58
D33,Female,free,60,69
D33,Female,free,63,73
D33,Male,pay,58,74
D33,Female,pay,65,78
D33,Male,pay,63,76
D33,Male,pay,64,73
D33,Male,pay,65,79
D33,Male,free,63,71
D33,Male,pay,60,73
D33,Male,free,59,73
D33,Male,pay,65,77
D33,Female,pay,67,77
D33,Male,pay,66,78
D33,Female,pay,59,71
D33,Female,pay,65,75
D33,Male,pay,67,74
D33,Female,pay,65,76
D33,Female,pay,63,76
D33,Male,pay,69,77
D33,Female,pay,65,79
D33,Male,pay,63,75
DFQ,Male,pay,68,79
DFQ,Female,pay,61,72
DFQ,Female,pay,61,74
DFQ,Female,pay,60,79
DFQ,Female,pay,62,75
DFQ,Male,pay,63,80
DFQ,Female,free,60,74
DFQ,Male,pay,63,78
DFQ,Female,pay,67,82
DFQ,Male,pay,55,73
DFQ,Female,pay,58,76
DFQ,Female,pay,61,80
DFQ,Male,pay,53,79
DFQ,Male,pay,58,75
DFQ,Male,pay,66,80
DFQ,Male,pay,61,73
DFQ,Male,pay,62,77
DFQ,Female,pay,64,77
DFQ,Male,pay,56,73
GYM,Male,pay,55,62
GYM,Male,pay,48,61
GYM,Male,pay,48,62
GYM,Female,pay,48,64
GYM,Male,free,48,51
GYM,Male,pay,49,56
GYM,Male,pay,49,58
GYM,Male,pay,53,61
GYM,Male,pay,50,60
GYM,Female,pay,48,60
GYM,Female,pay,49,60
GYM,Female,pay,47,57
GYM,Female,pay,46,59
GYM,Female,free,43,56
GYM,Female,pay,54,62
GYM,Female,pay,50,64
GYM,Female,pay,52,58
GYM,Male,pay,50,59
GYM,Male,pay,51,64
GYM,Male,pay,50,55
IEM,Male,pay,40,55
IEM,Male,free,43,55
IEM,Female,pay,42,58
IEM,Female,pay,43,58
IEM,Male,pay,42,60
IEM,Male,pay,43,61
IEM,Male,pay,45,60
IEM,Female,pay,43,59
IEM,Male,pay,43,56
IEM,Male,free,41,56
IEM,Female,pay,43,59
IEM,Male,pay,44,57
IEM,Male,pay,43,63
IEM,Male,pay,44,59
IEM,Female,pay,41,57
IEM,Male,pay,51,61
IEM,Female,pay,39,58
IEM,Female,pay,44,60
IEM,Male,pay,38,52
IEM,Female,pay,42,61
IEM,Female,pay,42,62
IEM,Female,pay,46,57
7BL,Female,free,39,49
7BL,Female,free,48,54
7BL,Male,free,40,47
7BL,Female,free,46,55
7BL,Female,free,39,44
7BL,Male,free,39,51
7BL,Male,free,38,51
7BL,Female,free,43,54
7BL,Female,free,38,52
7BL,Female,free,38,49
7BL,Female,free,42,48
7BL,Male,free,43,53
7BL,Female,free,45,48
7BL,Female,free,41,48
7BL,Female,free,40,50
7BL,Female,free,43,53
7BL,Female,free,43,51
7BL,Male,free,42,49
7BL,Male,free,41,51
7BL,Female,free,57,62
7BL,Female,free,40,49
7BL,Male,free,39,50
7BL,Female,free,40,53
7BL,Male,free,43,46
7BL,Female,free,38,50
7BL,Male,free,46,54
7BL,Female,free,40,47
7BL,Female,free,35,46
7BL,Female,free,40,53
A93,Male,free,31,49
A93,Female,free,30,49
A93,Female,free,34,49
A93,Male,free,34,51
A93,Male,free,32,48
A93,Male,free,30,43
A93,Male,free,31,45
A93,Male,free,28,46
A93,Female,free,30,46
A93,Male,free,33,45
A93,Male,free,34,50
A93,Female,free,22,47
A93,Male,free,31,47
A93,Male,free,35,54
A93,Male,free,30,43
A93,Female,free,31,49
A93,Female,free,29,48
A93,Male,free,29,39
A93,Female,free,29,47
A93,Female,free,30,47
A93,Female,free,38,52
A93,Female,free,35,49
A93,Female,free,31,48
A93,Male,free,32,45
A93,Male,free,35,53
A93,Male,free,35,52
A93,Female,free,32,48
A93,Female,free,30,49
A93,Female,free,34,46
A93,Female,free,32,47
TB5,Female,free,41,51
TB5,Female,free,35,53
TB5,Female,free,37,49
TB5,Female,free,38,52
TB5,Male,free,36,45
TB5,Male,free,38,48
TB5,Male,free,40,48
TB5,Male,free,42,54
TB5,Female,free,39,54
TB5,Male,free,41,45
TB5,Male,free,40,49
TB5,Male,free,37,47
TB5,Male,free,37,51
TB5,Female,free,38,51
TB5,Male,free,42,48
TB5,Female,free,36,50
TB5,Male,free,40,49
TB5,Female,free,40,50
TB5,Female,free,40,50
TB5,Female,free,41,54
TB5,Female,free,40,49
TB5,Female,free,41,49
TB5,Male,free,40,47
TB5,Male,free,36,50
TB5,Female,pay,41,62
YTB,Female,free,34,47
YTB,Male,free,30,48
YTB,Female,pay,35,49
YTB,Male,free,37,50
YTB,Female,free,30,47
YTB,Male,free,29,48
YTB,Female,free,36,52
YTB,Female,free,32,50
YTB,Female,free,28,42
YTB,Male,free,30,47
YTB,Female,free,33,47
YTB,Male,free,33,45
YTB,Female,free,35,52
YTB,Male,free,34,53
YTB,Male,free,33,47
YTB,Male,free,32,52
YTB,Female,free,35,48
YTB,Male,free,34,46
YTB,Male,free,33,48
YTB,Female,free,30,48
YTB,Male,free,32,52
YTB,Male,free,28,45
YTB,Male,free,32,44
YTB,Male,free,31,51
YTB,Female,free,34,49
YTB,Female,free,29,44
YTB,Female,free,34,49
YTB,Male,free,33,52
YTB,Female,free,33,49
YTB,Female,free,37,52
1UU,Female,pay,66,86
1UU,Female,pay,73,83
1UU,Female,pay,65,74
1UU,Male,pay,62,81
1UU,Male,pay,66,85
1UU,Female,pay,66,81
1UU,Female,pay,70,82
1UU,Female,pay,69,82
1UU,Male,pay,68,80
1UU,Male,pay,62,82
1UU,Male,pay,60,74
1UU,Female,pay,66,91
1UU,Male,pay,65,78
1UU,Female,pay,67,81
1UU,Male,pay,66,80
1UU,Female,free,61,82
1UU,Female,pay,67,78
1UU,Male,pay,66,83
1UU,Male,free,65,81
1UU,Male,pay,61,80
1UU,Male,pay,66,80
1UU,Female,pay,62,79
1UU,Male,pay,64,77
1UU,Male,pay,70,83
4NN,Male,pay,63,75
4NN,Male,pay,65,76
4NN,Male,free,58,68
4NN,Male,pay,63,78
4NN,Female,pay,65,72
4NN,Female,pay,74,72
4NN,Female,pay,70,81
4NN,Female,pay,71,78
4NN,Male,free,61,66
4NN,Male,pay,68,73
4NN,Male,pay,62,68
4NN,Male,free,56,69
4NN,Female,pay,66,74
4NN,Female,pay,65,69
4NN,Female,pay,66,77
4NN,Male,pay,63,77
4NN,Female,pay,66,77
4NN,Male,pay,71,80
4NN,Female,free,64,69
4NN,Male,free,59,71
4NN,Female,pay,67,70
4NN,Male,pay,63,76
V77,Female,pay,79,94
V77,Male,pay,81,90
V77,Male,pay,75,94
V77,Female,pay,77,89
V77,Male,pay,68,87
V77,Male,pay,73,91
V77,Male,pay,69,89
V77,Female,pay,75,94
V77,Male,pay,69,85
V77,Female,pay,72,85
V77,Female,pay,79,93
V77,Male,pay,74,94
V77,Male,pay,76,90
V77,Female,pay,73,94
V77,Female,pay,74,87
V77,Female,pay,79,94
V77,Female,free,74,92
V77,Female,pay,72,88
V77,Male,pay,74,84
V77,Male,pay,69,86
V77,Male,pay,74,90
V77,Male,pay,70,87
V77,Male,pay,76,95
CII,Male,free,45,60
CII,Female,free,49,58
CII,Female,free,53,56
CII,Female,free,47,55
CII,Female,free,49,59
CII,Male,free,49,59
CII,Male,free,41,53
CII,Female,free,54,63
CII,Female,free,52,60
CII,Female,free,49,59
CII,Male,free,46,58
CII,Female,free,48,59
CII,Female,free,46,57
CII,Male,free,43,55
CII,Male,free,45,59
CII,Female,free,52,62
CII,Male,free,48,59
CII,Female,free,53,63
CII,Male,free,46,56
CII,Female,free,54,61
CII,Female,free,47,61
CII,Male,free,49,57
CII,Female,free,50,62
CII,Male,free,46,54
CII,Female,pay,54,60
CII,Male,free,46,55
CII,Male,pay,52,62
Q0E,Female,free,32,55
Q0E,Male,free,25,53
Q0E,Female,free,33,54
Q0E,Female,pay,44,56
Q0E,Male,free,34,54
Q0E,Female,free,38,53
Q0E,Male,free,34,50
Q0E,Female,free,39,54
Q0E,Female,free,41,55
Q0E,Female,free,36,52
Q0E,Male,free,38,53
Q0E,Male,free,38,52
Q0E,Male,free,37,52
Q0E,Female,free,35,52
Q0E,Male,free,30,48
Q0E,Female,free,38,53
Q0E,Female,free,38,50
Q0E,Female,free,36,55
Q0E,Female,free,37,57
Q0E,Female,free,35,59
Q0E,Male,free,41,54
Q0E,Male,free,37,53
Q0E,Female,free,37,54
Q0E,Female,free,39,49
Q0E,Male,free,37,53
Q0E,Female,pay,40,55
Q0E,Female,free,34,50
Q0E,Female,free,38,53
Q0E,Male,free,39,56
Q0E,Female,free,36,49
QA2,Female,free,46,49
QA2,Female,pay,43,52
QA2,Female,free,40,49
QA2,Female,free,45,51
QA2,Female,free,39,50
QA2,Male,free,39,51
QA2,Male,pay,43,53
QA2,Female,free,45,51
QA2,Female,free,44,53
QA2,Female,free,46,50
QA2,Male,free,44,54
QA2,Male,free,37,50
QA2,Female,free,41,52
QA2,Male,free,38,48
QA2,Male,free,40,53
QA2,Female,free,37,47
QA2,Female,free,38,52
QA2,Female,pay,45,57
QA2,Female,free,47,55
QA2,Female,free,44,52
QA2,Female,free,43,45
QA2,Male,free,37,46
QA2,Male,free,38,50
QA2,Male,free,41,51
QA2,Female,free,41,55
QA2,Female,free,45,53
QA2,Male,free,36,47
QA2,Female,free,42,50
QA2,Male,free,41,48
QA2,Female,free,36,48
ZBH,Male,free,41,46
ZBH,Female,free,43,52
ZBH,Female,free,39,54
ZBH,Female,free,38,49
ZBH,Female,free,42,51
ZBH,Female,free,36,43
ZBH,Male,free,36,53
ZBH,Male,free,40,48
ZBH,Female,free,42,48
ZBH,Female,free,39,49
ZBH,Female,free,40,47
ZBH,Female,pay,39,55
ZBH,Female,free,41,48
ZBH,Male,free,38,48
ZBH,Male,free,42,55
ZBH,Male,pay,46,53
ZBH,Male,free,41,49
ZBH,Female,free,42,50
ZBH,Male,pay,39,52
ZBH,Male,free,38,46
ZBH,Male,free,40,46
ZBH,Male,free,41,50
ZBH,Female,free,45,47
ZBH,Male,free,38,51
ZBH,Male,free,39,50
ZBH,Female,pay,39,55
ZBH,Female,free,38,46
ZBH,Female,free,45,51
ZBH,Male,free,46,53
ZBH,Male,free,41,48
YOU,Male,free,100,100
